PRAGMA defer_foreign_keys=TRUE;
CREATE TABLE CaseOfStudies (   id                INTEGER PRIMARY KEY AUTOINCREMENT,   slug              TEXT,   title             TEXT,   summary           TEXT,   image_path        TEXT,   detail_image_path TEXT,   position_top      REAL,   position_left     REAL,   color             TEXT,  is_published      INTEGER,  created_at        DATETIME,   updated_at        DATETIME );
INSERT INTO "CaseOfStudies" VALUES(1,'provincia-choapa','Provincia de Choapa','La minería en el norte de Chile enfrenta una crisis hídrica que ha llevado una nueva era de plantas desalinizadoras que extraen agua del océano Pacífico. Aunque la desalinización ofrece una propuesta "verde", mira como su sostenimiento puede generar controversias socio-ecológicas.','/img/cases-of-study/provincia-choapa/choapaoficial-1000.jpg','/img/cases-of-study/provincia-choapa/mapa-global-de-cobre-T.jpg',65,29,'#d57a00',1,NULL,NULL);
INSERT INTO "CaseOfStudies" VALUES(2,'congo','Kolwezi - Congo','En las últimas dos décadas, Kolwezi, ciudad minera de la República Democrática del Congo, enfrenta tensiones entre la minería, la degradación ambiental y la rápida urbanización que reconfigura los paisajes como rastros extractivos, minas expuestas, escombreras y sitios abandonados.','/img/cases-of-study/kolwezi-congo/mapa-global-de-cobalto-T.jpg','/img/cases-of-study/kolwezi-congo/mapa-global-de-cobalto-T.jpg',43,29.5,'#443ad4ff',0,NULL,NULL);
INSERT INTO "CaseOfStudies" VALUES(3,'indonesia','Sumatera Utara - Indonesia','Una de las regiones de aceite de palma más productivas del mundo ha configurado un paisaje de extracción agroindustrial, donde los ciclos de siembra y resiembra desplazan comunidades, reordenan los ecosistemas y consolidan un régimen de monocultivo.','/img/cases-of-study/sumatera-utara-indonesia/mapa-global-de-aceite-T.jpg','/img/cases-of-study/sumatera-utara-indonesia/mapa-global-de-aceite-T.jpg',42,35.7,'#e4db66ff',0,NULL,NULL);
INSERT INTO "CaseOfStudies" VALUES(4,'charleroi','Charleroi - Bélgica','El carbón en la década de los 90 era líder mundial en Bélgica. Hoy en día, Charleroi es un territorio post-extractivista en transición, donde el patrimonio industrial se cruza con la reconversión económica y social.','/img/cases-of-study/charleroi-bélgica/mapa-global-de-carbon-T.jpg','/img/cases-of-study/charleroi-bélgica/mapa-global-de-carbon-T.jpg',34,27.5,'#1a1a1a',0,NULL,NULL);
CREATE TABLE Zones (   id            INTEGER PRIMARY KEY AUTOINCREMENT,   slug          TEXT,   case_study_id INTEGER,   title         TEXT,   image_path    TEXT,   position_top  REAL,   position_left REAL,   created_at    DATETIME,   updated_at    DATETIME,   FOREIGN KEY (case_study_id) REFERENCES CaseOfStudies(id) );
INSERT INTO "Zones" VALUES(1,'tranque-el-mauro',1,'Tranque el Mauro',NULL,55,70,NULL,NULL);
INSERT INTO "Zones" VALUES(2,'yacimiento-minero',1,'Yacimiento Minero',NULL,26,37,NULL,NULL);
INSERT INTO "Zones" VALUES(3,'puerto-punta-chungo',1,'Puerto Punta Chungo','/img/cases-of-study/provincia-choapa/zones/puerto-punta-chungo/puerto-punta-chungo.jpg',81,50,NULL,NULL);
CREATE TABLE AffectationTypes (   id          INTEGER PRIMARY KEY AUTOINCREMENT,   slug        TEXT,   name        TEXT,   icon_path   TEXT,   description TEXT,   created_at  DATETIME,   updated_at  DATETIME );
INSERT INTO "AffectationTypes" VALUES(1,'biotic','Paisajes bioticos','/img/icono_biotico_negro.svg','Transformaciones que impactan seres vivos del ecosistema como flora, fauna, microorganismos o comunidades mas que humanas.',NULL,NULL);
INSERT INTO "AffectationTypes" VALUES(2,'anthropic','Paisajes antropicos','/img/icono_antropico_negro.svg','Consecuencias generadas por la intervencion humana en el territorio, ya sea por accion directa o indirecta.',NULL,NULL);
INSERT INTO "AffectationTypes" VALUES(3,'physical','Paisajes fisicos','/img/icono_fisico_negro.svg','Transformaciones del suelo y relieve originadas por la accion extractiva sobre el territorio.',NULL,NULL);
CREATE TABLE Scenes (   id                       INTEGER PRIMARY KEY AUTOINCREMENT,   slug                     TEXT,   zone_id                  INTEGER,   affectation_type_id      INTEGER,   title                    TEXT,   image_path               TEXT,   position_top             REAL,   position_left            REAL,   decoration_image_path    TEXT,   decoration_position_top  REAL,   decoration_position_left REAL,   decoration_width_vw      REAL,   decoration_tooltip       TEXT,   created_at               DATETIME,   updated_at               DATETIME,   FOREIGN KEY (zone_id)             REFERENCES Zones(id),   FOREIGN KEY (affectation_type_id) REFERENCES AffectationTypes(id) );
INSERT INTO "Scenes" VALUES(1,'arraigo-y-terrateniencia',1,2,'Arraigo y terrateniencia',NULL,36,86,'/img/cases-of-study/provincia-choapa/zones/tranque-el-mauro/escenes/arraigo-y-terrateniencia/caimanes.webp',56,61,7,'Arraigo y terrateniencia',NULL,NULL);
INSERT INTO "Scenes" VALUES(2,'quebrada',1,1,'Quebrada',NULL,73,75.5,'/img/cases-of-study/provincia-choapa/zones/tranque-el-mauro/escenes/quebrada/quebrada.webp',57,82,12,'Santuario de la naturaleza',NULL,NULL);
INSERT INTO "Scenes" VALUES(3,'petroglifos',1,2,'Petroglifos',NULL,84,17,'/img/cases-of-study/provincia-choapa/zones/tranque-el-mauro/escenes/petroglifos/petroglifos.webp',46.5,74,9.5,'Ecosistema Tranque',NULL,NULL);
INSERT INTO "Scenes" VALUES(4,'area-chacay',2,2,'Área Chacay',NULL,36,86,'/img/cases-of-study/provincia-choapa/zones/yacimiento-minero/escenes/area-chacay/chacay.webp',30,48,7,'Área Chacay',NULL,NULL);
INSERT INTO "Scenes" VALUES(5,'botadero-las-hualtatas',2,1,'Botadero las Hualtatas',NULL,73,75.5,'/img/cases-of-study/provincia-choapa/zones/yacimiento-minero/escenes/botadero-las-hualtatas/hualtatas.webp',24,33.5,10,'Botadero las Hualtatas',NULL,NULL);
INSERT INTO "Scenes" VALUES(6,'glaciares',2,3,'Glaciares',NULL,84,17,'/img/cases-of-study/provincia-choapa/zones/yacimiento-minero/escenes/glaciares/glaciares.webp',19.1,39.1,12,'Glaciares',NULL,NULL);
INSERT INTO "Scenes" VALUES(7,'perturbacion-aerea',3,2,'Perturbacion aerea','/img/cases-of-study/provincia-choapa/zones/puerto-punta-chungo/escenes/perturbacion-aerea/ecosistema-aereo.png',70,59.5,'/img/cases-of-study/provincia-choapa/zones/puerto-punta-chungo/escenes/perturbacion-aerea/bosques.webp',71,56,10,'Perturbación aérea',NULL,NULL);
INSERT INTO "Scenes" VALUES(8,'contaminacion-por-desalacion',3,2,'Contaminacion por desalacion',NULL,36,86,'/img/cases-of-study/provincia-choapa/zones/puerto-punta-chungo/escenes/contaminacion-por-desalacion/salmuera.webp',89.8,55.5,10,'Salmuera',NULL,NULL);
INSERT INTO "Scenes" VALUES(9,'vibraciones-submarinas',3,1,'Vibraciones submarinas',NULL,73,75.5,'/img/cases-of-study/provincia-choapa/zones/puerto-punta-chungo/escenes/vibraciones-submarinas/isla-huevos.webp',86,67,7,'Isla Huevo',NULL,NULL);
INSERT INTO "Scenes" VALUES(10,'santuario-de-la-naturaleza',3,1,'Santuario de la naturaleza',NULL,84,17,'/img/cases-of-study/provincia-choapa/zones/puerto-punta-chungo/escenes/santuario-de-la-naturaleza/santuario.webp',82,41,9,'Santuario de la naturaleza',NULL,NULL);
CREATE TABLE Elements (   id                 INTEGER PRIMARY KEY AUTOINCREMENT,   slug               TEXT,   scene_id           INTEGER,   affectation_type_id INTEGER,   title              TEXT,   subtitle           TEXT,   description        TEXT,   source             TEXT,   image_path         TEXT,   detail_image_path  TEXT,   position_top       REAL,   position_left      REAL,   created_at         DATETIME,   updated_at         DATETIME,   FOREIGN KEY (scene_id)            REFERENCES Scenes(id),   FOREIGN KEY (affectation_type_id) REFERENCES AffectationTypes(id) );
INSERT INTO "Elements" VALUES(1,'retroceso-glaciar',6,3,'Retroceso glaciar','Retroceso glaciar','El retroceso de los glaciares en la zona es una consecuencia directa de las actividades extractivas que alteran el relieve y la hidrología local. La transformación física del territorio afecta los flujos de agua y la estabilidad del suelo glaciar.','Fuente: Observaciones de cambio climático y actividad extractiva en la zona central de Chile.','/img/cases-of-study/provincia-choapa/zones/yacimiento-minero/escenes/glaciares/glaciares.webp',NULL,40,35,NULL,NULL);
INSERT INTO "Elements" VALUES(2,'erosion-suelo',6,3,'Erosión del suelo','Erosión del suelo','Las operaciones mineras generan una transformación profunda del relieve, causando erosión acelerada del suelo. La remoción de vegetación y la exposición de materiales geológicos alteran permanentemente la morfología del terreno.','Fuente: Estudios de impacto ambiental de proyectos extractivos en Chile.','/img/cases-of-study/provincia-choapa/zones/yacimiento-minero/escenes/glaciares/glaciares.webp',NULL,55,60,NULL,NULL);
INSERT INTO "Elements" VALUES(3,'jilguero',7,1,'Jilguero (Sicalis luteola)','Jilguero','El jilguero destaca dentro de la zona como una de las especies mas abundantes y distribuidas en diversos ambientes. Se encuentra mayormente en matorral costero (6,11 ind/ha), pradera costera (4,81 ind/ha) y plantaciones (2,11 ind/ha).','Fuente: Minera Los Pelambres (2024). Estudio de Impacto Ambiental (Capitulo 4.4, pp. 860-861). SEA, Chile.','/img/cases-of-study/provincia-choapa/zones/puerto-punta-chungo/escenes/perturbacion-aerea/elements/jilguero/jilguero.jpg','/img/cases-of-study/provincia-choapa/zones/puerto-punta-chungo/escenes/perturbacion-aerea/elements/jilguero/jilguero.png',32,24.5,NULL,NULL);
INSERT INTO "Elements" VALUES(4,'jote',7,1,'Jote de cabeza negra (Coragyps atratus)','Jote de cabeza negra','En el area de Puerto Punta Chungo, las lineas electricas de 220 kV afectan a las aves por riesgo de electrocucion y colision, interrumpiendo sus rutas de vuelo. Una de las especies mas afectadas es el jote de cabeza negra, con 67 individuos registrados (8,21 %). Para mitigar el impacto se instalan dispositivos anticolision visibles incluso para aves nocturnas.','Fuente: Minera Los Pelambres (2024). Estudio de Impacto Ambiental (Capitulo 4, p. 796). SEA, Chile.','/img/cases-of-study/provincia-choapa/zones/puerto-punta-chungo/escenes/perturbacion-aerea/elements/jote-cabeza-negra/jote-cabeza-negra.jpg','/img/cases-of-study/provincia-choapa/zones/puerto-punta-chungo/escenes/perturbacion-aerea/elements/jote-cabeza-negra/jote-cabeza-negra.png',34.5,47.5,NULL,NULL);
INSERT INTO "Elements" VALUES(5,'diuca',7,1,'Diuca','Diuca','Aunque no es una especie directamente impactada segun los estudios evaluados, su presencia en zonas intervenidas por infraestructura extractiva como luminarias o tendido electrico indica familiaridad con ambientes tecnificados. Esta ave se registra como una de las especies con mayor presencia en la zona.','Fuente: Minera Los Pelambres (2024). Estudio de Impacto Ambiental (Capitulo 3.15, pp. 285-287). SEA, Chile.','/img/cases-of-study/provincia-choapa/zones/puerto-punta-chungo/escenes/perturbacion-aerea/elements/diuca/diuca.jpg','/img/cases-of-study/provincia-choapa/zones/puerto-punta-chungo/escenes/perturbacion-aerea/elements/diuca/diuca.png',28,74,NULL,NULL);
INSERT INTO "Elements" VALUES(6,'eucalipto',7,3,'Bosques de evapotranspiracion','Bosques de evapotranspiración','En Puerto Punta Chungo las plantaciones de Eucalyptus globulus cubren 109,13 hectareas (43,8 % del area de influencia), siendo la vegetacion dominante, con un indice de artificializacion de 9,4. Su riego por microaspersor en primavera-verano intensifica la evapotranspiracion junto al puerto.','Fuente: Minera Los Pelambres (2024). Estudio de Impacto Ambiental (Capitulos 3.13 y 4). SEA, Chile.','/img/cases-of-study/provincia-choapa/zones/puerto-punta-chungo/escenes/perturbacion-aerea/elements/bosques-evapotranspiracion/bosques-de-evapotranspiracion.jpg','/img/cases-of-study/provincia-choapa/zones/puerto-punta-chungo/escenes/perturbacion-aerea/elements/bosques-evapotranspiracion/eucalipto.png',78,52,NULL,NULL);
INSERT INTO "Elements" VALUES(7,'luminaria',7,2,'Luz del puerto','Luminaria TEST','Se reemplazaron 1.912 luminarias distribuidas en varias areas del proyecto, incluyendo Puerto Punta Chungo. La potencia total instalada en esta zona es de 27,15 kW. La iluminacion en el puerto genera impacto visual nocturno y contribuye a la contaminacion luminica que altera patrones de fauna local.','Fuente: Minera Los Pelambres (2024). Estudio de Impacto Ambiental (Capitulo 3.5, p. 3-15). SEA, Chile.','/img/cases-of-study/provincia-choapa/zones/puerto-punta-chungo/escenes/perturbacion-aerea/elements/torres-iluminacion/luz-puerto.jpg','/img/cases-of-study/provincia-choapa/zones/puerto-punta-chungo/escenes/perturbacion-aerea/elements/torres-iluminacion/torres-iluminacion.png',45,36.7,NULL,NULL);
INSERT INTO "Elements" VALUES(8,'electricidad',7,2,'Lineas de transmision electrica','Líneas de transmisión eléctrica','El tendido electrico en Puerto Punta Chungo incluye lineas de transmision de 220 kV en doble circuito, esenciales para operar la planta desaladora. Su instalacion afecta rutas de vuelo de aves marinas y genera campos electromagneticos de baja intensidad en zonas ecologicas.','Fuente: Minera Los Pelambres (2024). Estudio de Impacto Ambiental (Capitulo 4.4, pp. 243-245). SEA, Chile.','/img/cases-of-study/provincia-choapa/zones/puerto-punta-chungo/escenes/perturbacion-aerea/elements/lineas-electricas/cables-electricos.jpg','/img/cases-of-study/provincia-choapa/zones/puerto-punta-chungo/escenes/perturbacion-aerea/elements/lineas-electricas/lineas-electricas.png',48,84,NULL,NULL);
CREATE TABLE Tags (   id         INTEGER PRIMARY KEY AUTOINCREMENT,   name       TEXT,   created_at DATETIME,   updated_at DATETIME );
INSERT INTO "Tags" VALUES(1,'fauna',NULL,NULL);
INSERT INTO "Tags" VALUES(2,'flora',NULL,NULL);
INSERT INTO "Tags" VALUES(3,'aves',NULL,NULL);
INSERT INTO "Tags" VALUES(4,'biotico',NULL,NULL);
INSERT INTO "Tags" VALUES(5,'antropico',NULL,NULL);
INSERT INTO "Tags" VALUES(6,'fisico',NULL,NULL);
INSERT INTO "Tags" VALUES(7,'infraestructura',NULL,NULL);
INSERT INTO "Tags" VALUES(8,'energia',NULL,NULL);
INSERT INTO "Tags" VALUES(9,'glaciar',NULL,NULL);
INSERT INTO "Tags" VALUES(10,'suelo',NULL,NULL);
INSERT INTO "Tags" VALUES(11,'erosion',NULL,NULL);
CREATE TABLE ElementTags (   id         INTEGER PRIMARY KEY AUTOINCREMENT,   element_id INTEGER,   tag_id     INTEGER,   created_at DATETIME,   updated_at DATETIME,   FOREIGN KEY (element_id) REFERENCES Elements(id),   FOREIGN KEY (tag_id)     REFERENCES Tags(id) );
INSERT INTO "ElementTags" VALUES(1,1,9,NULL,NULL);
INSERT INTO "ElementTags" VALUES(2,1,6,NULL,NULL);
INSERT INTO "ElementTags" VALUES(3,1,10,NULL,NULL);
INSERT INTO "ElementTags" VALUES(4,2,11,NULL,NULL);
INSERT INTO "ElementTags" VALUES(5,2,6,NULL,NULL);
INSERT INTO "ElementTags" VALUES(6,2,10,NULL,NULL);
INSERT INTO "ElementTags" VALUES(7,3,1,NULL,NULL);
INSERT INTO "ElementTags" VALUES(8,3,3,NULL,NULL);
INSERT INTO "ElementTags" VALUES(9,3,4,NULL,NULL);
INSERT INTO "ElementTags" VALUES(10,4,1,NULL,NULL);
INSERT INTO "ElementTags" VALUES(11,4,3,NULL,NULL);
INSERT INTO "ElementTags" VALUES(12,4,7,NULL,NULL);
INSERT INTO "ElementTags" VALUES(13,5,1,NULL,NULL);
INSERT INTO "ElementTags" VALUES(14,5,3,NULL,NULL);
INSERT INTO "ElementTags" VALUES(15,5,4,NULL,NULL);
INSERT INTO "ElementTags" VALUES(16,6,2,NULL,NULL);
INSERT INTO "ElementTags" VALUES(17,6,7,NULL,NULL);
INSERT INTO "ElementTags" VALUES(18,6,6,NULL,NULL);
INSERT INTO "ElementTags" VALUES(19,7,7,NULL,NULL);
INSERT INTO "ElementTags" VALUES(20,7,8,NULL,NULL);
INSERT INTO "ElementTags" VALUES(21,7,5,NULL,NULL);
INSERT INTO "ElementTags" VALUES(22,8,7,NULL,NULL);
INSERT INTO "ElementTags" VALUES(23,8,8,NULL,NULL);
INSERT INTO "ElementTags" VALUES(24,8,5,NULL,NULL);
DELETE FROM sqlite_sequence;
INSERT INTO "sqlite_sequence" VALUES('AffectationTypes',3);
INSERT INTO "sqlite_sequence" VALUES('Tags',11);
INSERT INTO "sqlite_sequence" VALUES('CaseOfStudies',4);
INSERT INTO "sqlite_sequence" VALUES('Zones',3);
INSERT INTO "sqlite_sequence" VALUES('Scenes',10);
INSERT INTO "sqlite_sequence" VALUES('Elements',8);
INSERT INTO "sqlite_sequence" VALUES('ElementTags',24);
