-- Auto-generated by scripts/generate-d1-seed.js

PRAGMA foreign_keys = OFF;

DROP TABLE IF EXISTS ElementTags;

DROP TABLE IF EXISTS Elements;

DROP TABLE IF EXISTS Scenes;

DROP TABLE IF EXISTS Zones;

DROP TABLE IF EXISTS CaseOfStudies;

DROP TABLE IF EXISTS Tags;

DROP TABLE IF EXISTS AffectationTypes;

CREATE TABLE IF NOT EXISTS AffectationTypes (
  id INTEGER PRIMARY KEY,
  slug TEXT NOT NULL UNIQUE,
  name TEXT NOT NULL,
  description TEXT,
  icon_path TEXT
);

CREATE TABLE IF NOT EXISTS Tags (
  id INTEGER PRIMARY KEY,
  name TEXT NOT NULL UNIQUE
);

CREATE TABLE IF NOT EXISTS CaseOfStudies (
  id INTEGER PRIMARY KEY,
  slug TEXT NOT NULL UNIQUE,
  title TEXT NOT NULL,
  summary TEXT,
  image_path TEXT,
  detail_image_path TEXT,
  position_left REAL,
  position_top REAL,
  color TEXT,
  is_published INTEGER NOT NULL DEFAULT 0
);

CREATE TABLE IF NOT EXISTS Zones (
  id INTEGER PRIMARY KEY,
  case_study_id INTEGER NOT NULL,
  slug TEXT NOT NULL,
  title TEXT NOT NULL,
  image_path TEXT,
  position_left REAL,
  position_top REAL,
  FOREIGN KEY (case_study_id) REFERENCES CaseOfStudies(id)
);

CREATE TABLE IF NOT EXISTS Scenes (
  id INTEGER PRIMARY KEY,
  zone_id INTEGER NOT NULL,
  slug TEXT NOT NULL,
  title TEXT NOT NULL,
  image_path TEXT,
  position_left REAL,
  position_top REAL,
  affectation_type_id INTEGER,
  decoration_image_path TEXT,
  decoration_position_left REAL,
  decoration_position_top REAL,
  decoration_width_vw REAL,
  decoration_tooltip TEXT,
  FOREIGN KEY (zone_id) REFERENCES Zones(id),
  FOREIGN KEY (affectation_type_id) REFERENCES AffectationTypes(id)
);

CREATE TABLE IF NOT EXISTS Elements (
  id INTEGER PRIMARY KEY,
  scene_id INTEGER NOT NULL,
  slug TEXT NOT NULL,
  title TEXT NOT NULL,
  subtitle TEXT,
  description TEXT,
  source TEXT,
  image_path TEXT,
  detail_image_path TEXT,
  position_left REAL,
  position_top REAL,
  affectation_type_id INTEGER,
  FOREIGN KEY (scene_id) REFERENCES Scenes(id),
  FOREIGN KEY (affectation_type_id) REFERENCES AffectationTypes(id)
);

CREATE TABLE IF NOT EXISTS ElementTags (
  element_id INTEGER NOT NULL,
  tag_id INTEGER NOT NULL,
  PRIMARY KEY (element_id, tag_id),
  FOREIGN KEY (element_id) REFERENCES Elements(id),
  FOREIGN KEY (tag_id) REFERENCES Tags(id)
);

INSERT INTO AffectationTypes (id, slug, name, description, icon_path) VALUES (1, 'biotic', 'Paisajes bioticos', 'Transformaciones que impactan seres vivos del ecosistema como flora, fauna, microorganismos o comunidades mas que humanas.', '/img/icono_biotico_negro.svg');

INSERT INTO AffectationTypes (id, slug, name, description, icon_path) VALUES (2, 'anthropic', 'Paisajes antropicos', 'Consecuencias generadas por la intervencion humana en el territorio, ya sea por accion directa o indirecta.', '/img/icono_antropico_negro.svg');

INSERT INTO AffectationTypes (id, slug, name, description, icon_path) VALUES (3, 'physical', 'Paisajes fisicos', 'Transformaciones del suelo y relieve originadas por la accion extractiva sobre el territorio.', '/img/icono_fisico_negro.svg');

INSERT INTO Tags (id, name) VALUES (1, 'fauna');

INSERT INTO Tags (id, name) VALUES (2, 'flora');

INSERT INTO Tags (id, name) VALUES (3, 'aves');

INSERT INTO Tags (id, name) VALUES (4, 'biotico');

INSERT INTO Tags (id, name) VALUES (5, 'antropico');

INSERT INTO Tags (id, name) VALUES (6, 'fisico');

INSERT INTO Tags (id, name) VALUES (7, 'infraestructura');

INSERT INTO Tags (id, name) VALUES (8, 'energia');

INSERT INTO Tags (id, name) VALUES (9, 'glaciar');

INSERT INTO Tags (id, name) VALUES (10, 'suelo');

INSERT INTO Tags (id, name) VALUES (11, 'erosion');

INSERT INTO CaseOfStudies (id, slug, title, summary, image_path, detail_image_path, position_left, position_top, color, is_published) VALUES (1, 'provincia-choapa', 'Provincia de Choapa', 'La minería en el norte de Chile enfrenta una crisis hídrica que ha llevado una nueva era de plantas desalinizadoras que extraen agua del océano Pacífico. Aunque la desalinización ofrece una propuesta "verde", mira como su sostenimiento puede generar controversias socio-ecológicas.', '/img/cases-of-study/provincia-choapa/choapaoficial-1000.jpg', '/img/cases-of-study/provincia-choapa/mapa-global-de-cobre-T.jpg', 29, 65, '#d57a00', 1);

INSERT INTO Zones (id, case_study_id, slug, title, image_path, position_left, position_top) VALUES (1, 1, 'tranque-el-mauro', 'Tranque el Mauro', NULL, 70, 55);

INSERT INTO Scenes (id, zone_id, slug, title, image_path, position_left, position_top, affectation_type_id, decoration_image_path, decoration_position_left, decoration_position_top, decoration_width_vw, decoration_tooltip) VALUES (1, 1, 'arraigo-y-terrateniencia', 'Arraigo y terrateniencia', NULL, 86, 36, 2, '/img/cases-of-study/provincia-choapa/zones/tranque-el-mauro/escenes/arraigo-y-terrateniencia/caimanes.webp', 61, 56, 7, 'Arraigo y terrateniencia');

INSERT INTO Scenes (id, zone_id, slug, title, image_path, position_left, position_top, affectation_type_id, decoration_image_path, decoration_position_left, decoration_position_top, decoration_width_vw, decoration_tooltip) VALUES (2, 1, 'quebrada', 'Quebrada', NULL, 75.5, 73, 1, '/img/cases-of-study/provincia-choapa/zones/tranque-el-mauro/escenes/quebrada/quebrada.webp', 82, 57, 12, 'Santuario de la naturaleza');

INSERT INTO Scenes (id, zone_id, slug, title, image_path, position_left, position_top, affectation_type_id, decoration_image_path, decoration_position_left, decoration_position_top, decoration_width_vw, decoration_tooltip) VALUES (3, 1, 'petroglifos', 'Petroglifos', NULL, 17, 84, 2, '/img/cases-of-study/provincia-choapa/zones/tranque-el-mauro/escenes/petroglifos/petroglifos.webp', 74, 46.5, 9.5, 'Ecosistema Tranque');

INSERT INTO Zones (id, case_study_id, slug, title, image_path, position_left, position_top) VALUES (2, 1, 'yacimiento-minero', 'Yacimiento Minero', NULL, 37, 26);

INSERT INTO Scenes (id, zone_id, slug, title, image_path, position_left, position_top, affectation_type_id, decoration_image_path, decoration_position_left, decoration_position_top, decoration_width_vw, decoration_tooltip) VALUES (4, 2, 'area-chacay', 'Área Chacay', NULL, 86, 36, 2, '/img/cases-of-study/provincia-choapa/zones/yacimiento-minero/escenes/area-chacay/chacay.webp', 48, 30, 7, 'Área Chacay');

INSERT INTO Scenes (id, zone_id, slug, title, image_path, position_left, position_top, affectation_type_id, decoration_image_path, decoration_position_left, decoration_position_top, decoration_width_vw, decoration_tooltip) VALUES (5, 2, 'botadero-las-hualtatas', 'Botadero las Hualtatas', NULL, 75.5, 73, 1, '/img/cases-of-study/provincia-choapa/zones/yacimiento-minero/escenes/botadero-las-hualtatas/hualtatas.webp', 33.5, 24, 10, 'Botadero las Hualtatas');

INSERT INTO Scenes (id, zone_id, slug, title, image_path, position_left, position_top, affectation_type_id, decoration_image_path, decoration_position_left, decoration_position_top, decoration_width_vw, decoration_tooltip) VALUES (6, 2, 'glaciares', 'Glaciares', NULL, 17, 84, 3, '/img/cases-of-study/provincia-choapa/zones/yacimiento-minero/escenes/glaciares/glaciares.webp', 39.1, 19.1, 12, 'Glaciares');

INSERT INTO Elements (id, scene_id, slug, title, subtitle, description, source, image_path, detail_image_path, position_left, position_top, affectation_type_id) VALUES (1, 6, 'retroceso-glaciar', 'Retroceso glaciar', 'Retroceso glaciar', 'El retroceso de los glaciares en la zona es una consecuencia directa de las actividades extractivas que alteran el relieve y la hidrología local. La transformación física del territorio afecta los flujos de agua y la estabilidad del suelo glaciar.', 'Fuente: Observaciones de cambio climático y actividad extractiva en la zona central de Chile.', '/img/cases-of-study/provincia-choapa/zones/yacimiento-minero/escenes/glaciares/glaciares.webp', NULL, 35, 40, 3);

INSERT OR IGNORE INTO ElementTags (element_id, tag_id) VALUES (1, 9);

INSERT OR IGNORE INTO ElementTags (element_id, tag_id) VALUES (1, 6);

INSERT OR IGNORE INTO ElementTags (element_id, tag_id) VALUES (1, 10);

INSERT INTO Elements (id, scene_id, slug, title, subtitle, description, source, image_path, detail_image_path, position_left, position_top, affectation_type_id) VALUES (2, 6, 'erosion-suelo', 'Erosión del suelo', 'Erosión del suelo', 'Las operaciones mineras generan una transformación profunda del relieve, causando erosión acelerada del suelo. La remoción de vegetación y la exposición de materiales geológicos alteran permanentemente la morfología del terreno.', 'Fuente: Estudios de impacto ambiental de proyectos extractivos en Chile.', '/img/cases-of-study/provincia-choapa/zones/yacimiento-minero/escenes/glaciares/glaciares.webp', NULL, 60, 55, 3);

INSERT OR IGNORE INTO ElementTags (element_id, tag_id) VALUES (2, 11);

INSERT OR IGNORE INTO ElementTags (element_id, tag_id) VALUES (2, 6);

INSERT OR IGNORE INTO ElementTags (element_id, tag_id) VALUES (2, 10);

INSERT INTO Zones (id, case_study_id, slug, title, image_path, position_left, position_top) VALUES (3, 1, 'puerto-punta-chungo', 'Puerto Punta Chungo', '/img/cases-of-study/provincia-choapa/zones/puerto-punta-chungo/puerto-punta-chungo.jpg', 50, 81);

INSERT INTO Scenes (id, zone_id, slug, title, image_path, position_left, position_top, affectation_type_id, decoration_image_path, decoration_position_left, decoration_position_top, decoration_width_vw, decoration_tooltip) VALUES (7, 3, 'perturbacion-aerea', 'Perturbacion aerea', '/img/cases-of-study/provincia-choapa/zones/puerto-punta-chungo/escenes/perturbacion-aerea/ecosistema-aereo.png', 59.5, 70, 2, '/img/cases-of-study/provincia-choapa/zones/puerto-punta-chungo/escenes/perturbacion-aerea/bosques.webp', 56, 71, 10, 'Perturbación aérea');

INSERT INTO Elements (id, scene_id, slug, title, subtitle, description, source, image_path, detail_image_path, position_left, position_top, affectation_type_id) VALUES (3, 7, 'jilguero', 'Jilguero (Sicalis luteola)', 'Jilguero', 'El jilguero destaca dentro de la zona como una de las especies mas abundantes y distribuidas en diversos ambientes. Se encuentra mayormente en matorral costero (6,11 ind/ha), pradera costera (4,81 ind/ha) y plantaciones (2,11 ind/ha).', 'Fuente: Minera Los Pelambres (2024). Estudio de Impacto Ambiental (Capitulo 4.4, pp. 860-861). SEA, Chile.', '/img/cases-of-study/provincia-choapa/zones/puerto-punta-chungo/escenes/perturbacion-aerea/elements/jilguero/jilguero.jpg', '/img/cases-of-study/provincia-choapa/zones/puerto-punta-chungo/escenes/perturbacion-aerea/elements/jilguero/jilguero.png', 24.5, 32, 1);

INSERT OR IGNORE INTO ElementTags (element_id, tag_id) VALUES (3, 1);

INSERT OR IGNORE INTO ElementTags (element_id, tag_id) VALUES (3, 3);

INSERT OR IGNORE INTO ElementTags (element_id, tag_id) VALUES (3, 4);

INSERT INTO Elements (id, scene_id, slug, title, subtitle, description, source, image_path, detail_image_path, position_left, position_top, affectation_type_id) VALUES (4, 7, 'jote', 'Jote de cabeza negra (Coragyps atratus)', 'Jote de cabeza negra', 'En el area de Puerto Punta Chungo, las lineas electricas de 220 kV afectan a las aves por riesgo de electrocucion y colision, interrumpiendo sus rutas de vuelo. Una de las especies mas afectadas es el jote de cabeza negra, con 67 individuos registrados (8,21 %). Para mitigar el impacto se instalan dispositivos anticolision visibles incluso para aves nocturnas.', 'Fuente: Minera Los Pelambres (2024). Estudio de Impacto Ambiental (Capitulo 4, p. 796). SEA, Chile.', '/img/cases-of-study/provincia-choapa/zones/puerto-punta-chungo/escenes/perturbacion-aerea/elements/jote-cabeza-negra/jote-cabeza-negra.jpg', '/img/cases-of-study/provincia-choapa/zones/puerto-punta-chungo/escenes/perturbacion-aerea/elements/jote-cabeza-negra/jote-cabeza-negra.png', 47.5, 34.5, 1);

INSERT OR IGNORE INTO ElementTags (element_id, tag_id) VALUES (4, 1);

INSERT OR IGNORE INTO ElementTags (element_id, tag_id) VALUES (4, 3);

INSERT OR IGNORE INTO ElementTags (element_id, tag_id) VALUES (4, 7);

INSERT INTO Elements (id, scene_id, slug, title, subtitle, description, source, image_path, detail_image_path, position_left, position_top, affectation_type_id) VALUES (5, 7, 'diuca', 'Diuca', 'Diuca', 'Aunque no es una especie directamente impactada segun los estudios evaluados, su presencia en zonas intervenidas por infraestructura extractiva como luminarias o tendido electrico indica familiaridad con ambientes tecnificados. Esta ave se registra como una de las especies con mayor presencia en la zona.', 'Fuente: Minera Los Pelambres (2024). Estudio de Impacto Ambiental (Capitulo 3.15, pp. 285-287). SEA, Chile.', '/img/cases-of-study/provincia-choapa/zones/puerto-punta-chungo/escenes/perturbacion-aerea/elements/diuca/diuca.jpg', '/img/cases-of-study/provincia-choapa/zones/puerto-punta-chungo/escenes/perturbacion-aerea/elements/diuca/diuca.png', 74, 28, 1);

INSERT OR IGNORE INTO ElementTags (element_id, tag_id) VALUES (5, 1);

INSERT OR IGNORE INTO ElementTags (element_id, tag_id) VALUES (5, 3);

INSERT OR IGNORE INTO ElementTags (element_id, tag_id) VALUES (5, 4);

INSERT INTO Elements (id, scene_id, slug, title, subtitle, description, source, image_path, detail_image_path, position_left, position_top, affectation_type_id) VALUES (6, 7, 'eucalipto', 'Bosques de evapotranspiracion', 'Bosques de evapotranspiración', 'En Puerto Punta Chungo las plantaciones de Eucalyptus globulus cubren 109,13 hectareas (43,8 % del area de influencia), siendo la vegetacion dominante, con un indice de artificializacion de 9,4. Su riego por microaspersor en primavera-verano intensifica la evapotranspiracion junto al puerto.', 'Fuente: Minera Los Pelambres (2024). Estudio de Impacto Ambiental (Capitulos 3.13 y 4). SEA, Chile.', '/img/cases-of-study/provincia-choapa/zones/puerto-punta-chungo/escenes/perturbacion-aerea/elements/bosques-evapotranspiracion/bosques-de-evapotranspiracion.jpg', '/img/cases-of-study/provincia-choapa/zones/puerto-punta-chungo/escenes/perturbacion-aerea/elements/bosques-evapotranspiracion/eucalipto.png', 52, 78, 3);

INSERT OR IGNORE INTO ElementTags (element_id, tag_id) VALUES (6, 2);

INSERT OR IGNORE INTO ElementTags (element_id, tag_id) VALUES (6, 7);

INSERT OR IGNORE INTO ElementTags (element_id, tag_id) VALUES (6, 6);

INSERT INTO Elements (id, scene_id, slug, title, subtitle, description, source, image_path, detail_image_path, position_left, position_top, affectation_type_id) VALUES (7, 7, 'luminaria', 'Luz del puerto', 'Luz del puerto', 'Se reemplazaron 1.912 luminarias distribuidas en varias areas del proyecto, incluyendo Puerto Punta Chungo. La potencia total instalada en esta zona es de 27,15 kW. La iluminacion en el puerto genera impacto visual nocturno y contribuye a la contaminacion luminica que altera patrones de fauna local.', 'Fuente: Minera Los Pelambres (2024). Estudio de Impacto Ambiental (Capitulo 3.5, p. 3-15). SEA, Chile.', '/img/cases-of-study/provincia-choapa/zones/puerto-punta-chungo/escenes/perturbacion-aerea/elements/torres-iluminacion/luz-puerto.jpg', '/img/cases-of-study/provincia-choapa/zones/puerto-punta-chungo/escenes/perturbacion-aerea/elements/torres-iluminacion/torres-iluminacion.png', 36.7, 45, 2);

INSERT OR IGNORE INTO ElementTags (element_id, tag_id) VALUES (7, 7);

INSERT OR IGNORE INTO ElementTags (element_id, tag_id) VALUES (7, 8);

INSERT OR IGNORE INTO ElementTags (element_id, tag_id) VALUES (7, 5);

INSERT INTO Elements (id, scene_id, slug, title, subtitle, description, source, image_path, detail_image_path, position_left, position_top, affectation_type_id) VALUES (8, 7, 'electricidad', 'Lineas de transmision electrica', 'Líneas de transmisión eléctrica', 'El tendido electrico en Puerto Punta Chungo incluye lineas de transmision de 220 kV en doble circuito, esenciales para operar la planta desaladora. Su instalacion afecta rutas de vuelo de aves marinas y genera campos electromagneticos de baja intensidad en zonas ecologicas.', 'Fuente: Minera Los Pelambres (2024). Estudio de Impacto Ambiental (Capitulo 4.4, pp. 243-245). SEA, Chile.', '/img/cases-of-study/provincia-choapa/zones/puerto-punta-chungo/escenes/perturbacion-aerea/elements/lineas-electricas/cables-electricos.jpg', '/img/cases-of-study/provincia-choapa/zones/puerto-punta-chungo/escenes/perturbacion-aerea/elements/lineas-electricas/lineas-electricas.png', 84, 48, 2);

INSERT OR IGNORE INTO ElementTags (element_id, tag_id) VALUES (8, 7);

INSERT OR IGNORE INTO ElementTags (element_id, tag_id) VALUES (8, 8);

INSERT OR IGNORE INTO ElementTags (element_id, tag_id) VALUES (8, 5);

INSERT INTO Scenes (id, zone_id, slug, title, image_path, position_left, position_top, affectation_type_id, decoration_image_path, decoration_position_left, decoration_position_top, decoration_width_vw, decoration_tooltip) VALUES (8, 3, 'contaminacion-por-desalacion', 'Contaminacion por desalacion', NULL, 86, 36, 2, '/img/cases-of-study/provincia-choapa/zones/puerto-punta-chungo/escenes/contaminacion-por-desalacion/salmuera.webp', 55.5, 89.8, 10, 'Salmuera');

INSERT INTO Scenes (id, zone_id, slug, title, image_path, position_left, position_top, affectation_type_id, decoration_image_path, decoration_position_left, decoration_position_top, decoration_width_vw, decoration_tooltip) VALUES (9, 3, 'vibraciones-submarinas', 'Vibraciones submarinas', NULL, 75.5, 73, 1, '/img/cases-of-study/provincia-choapa/zones/puerto-punta-chungo/escenes/vibraciones-submarinas/isla-huevos.webp', 67, 86, 7, 'Isla Huevo');

INSERT INTO Scenes (id, zone_id, slug, title, image_path, position_left, position_top, affectation_type_id, decoration_image_path, decoration_position_left, decoration_position_top, decoration_width_vw, decoration_tooltip) VALUES (10, 3, 'santuario-de-la-naturaleza', 'Santuario de la naturaleza', NULL, 17, 84, 1, '/img/cases-of-study/provincia-choapa/zones/puerto-punta-chungo/escenes/santuario-de-la-naturaleza/santuario.webp', 41, 82, 9, 'Santuario de la naturaleza');

INSERT INTO CaseOfStudies (id, slug, title, summary, image_path, detail_image_path, position_left, position_top, color, is_published) VALUES (2, 'congo', 'Kolwezi - Congo', 'En las últimas dos décadas, Kolwezi, ciudad minera de la República Democrática del Congo, enfrenta tensiones entre la minería, la degradación ambiental y la rápida urbanización que reconfigura los paisajes como rastros extractivos, minas expuestas, escombreras y sitios abandonados.', '/img/cases-of-study/kolwezi-congo/mapa-global-de-cobalto-T.jpg', '/img/cases-of-study/kolwezi-congo/mapa-global-de-cobalto-T.jpg', 29.5, 43, '#443ad4ff', 0);

INSERT INTO CaseOfStudies (id, slug, title, summary, image_path, detail_image_path, position_left, position_top, color, is_published) VALUES (3, 'indonesia', 'Sumatera Utara - Indonesia', 'Una de las regiones de aceite de palma más productivas del mundo ha configurado un paisaje de extracción agroindustrial, donde los ciclos de siembra y resiembra desplazan comunidades, reordenan los ecosistemas y consolidan un régimen de monocultivo.', '/img/cases-of-study/sumatera-utara-indonesia/mapa-global-de-aceite-T.jpg', '/img/cases-of-study/sumatera-utara-indonesia/mapa-global-de-aceite-T.jpg', 35.7, 42, '#e4db66ff', 0);

INSERT INTO CaseOfStudies (id, slug, title, summary, image_path, detail_image_path, position_left, position_top, color, is_published) VALUES (4, 'charleroi', 'Charleroi - Bélgica', 'El carbón en la década de los 90 era líder mundial en Bélgica. Hoy en día, Charleroi es un territorio post-extractivista en transición, donde el patrimonio industrial se cruza con la reconversión económica y social.', '/img/cases-of-study/charleroi-bélgica/mapa-global-de-carbon-T.jpg', '/img/cases-of-study/charleroi-bélgica/mapa-global-de-carbon-T.jpg', 27.5, 34, '#1a1a1a', 0);

PRAGMA foreign_keys = ON;